[
	{
		"name":"help",
		"decs":"Hướng dẫn cho người mới",
		"usage":"help [command]",
		"example":"help say",
		"group":"GENERAL LIST"
	},
	{
		"name":"ôm",
		"decs":"Ôm người bạn tag",
		"usage":"ôm [tag người bạn cần ôm]",
		"example":"ôm @Kaizoku",
		"group":"TOUCH"
	},
	{
		"name":"hôn",
		"decs":"Hôn người bạn tag",
		"usage":"hôn [tag người bạn cần hôn]",
		"example":"hôn @Kaizoku",
		"group":"TOUCH"
	},
	{
		"name":"vả",
		"decs":"Tát người bạn tag",
		"usage":"vả [tag người bạn cần tát]",
		"example":"vả @Kaizoku",
		"group":"TOUCH"
	},
	{
		"name":"chọc",
		"decs":"Chọc người bạn tag",
		"usage":"chọc [tag người bạn cần chọc]",
		"example":"chọc @kaizoku",
		"group":"TOUCH"
	},
	{
		"name":"xoa",
		"decs":"Xoa người bạn tag",
		"usage":"xoa [tag người bạn cần xoa]",
		"example":"xoa @Kaizoku",
		"group":"TOUCH"
	},
	{
		"name":"báo lỗi",
		"decs":"Gửi thông tin lỗi đến admin hoặc yêu cầu sự giúp đỡ",
		"usage":"báo lỗi [Lỗi bạn cần phải báo cáo]",
		"example":"báo lỗi bot không chạy được",
		"group":"SYSTEM"
	},
	{
		"name":"wiki",
		"decs":"Tìm nội dung trên Wikipedia",
		"usage":"wiki <en> [nội dung cần tìm hiểu] nếu sử dụng tiếng Việt không cần nhập en",
		"example":"wiki loài chó",
		"group":"GENERAL LIST"
	},
	{
		"name":"ping",
		"decs":"Tag toàn bộ thành viên trong nhóm cùng một lúc",
		"usage":"ping",
		"example":"ping",
		"group":"GENERAL LIST"
	},
	{
		"name":"say",
		"decs":"Điều khiển bot biến văn bản thành giọng đọc",
		"usage":"say [en,ko,ru,ja] [Văn bản] nếu sử dụng tiếng việt thì phần language để trống",
		"example":"say Trong cái khó ló cái ngu",
		"group":"CONTROL"
	},
	{
		"name":"chọn",
		"decs":"chọn ngẫu nhiên trong các kết quả bạn đưa",
		"usage":"chọn [kết quả 1] | [kết quả 2] ",
		"example":"chọn yêu | không yêu",
		"group":"RANDOM"
	},
	{
		"name":"echo",
		"decs":"Điều khiển bot nói lại văn bản bạn viết",
		"usage":"echo [văn bản hoặc nội dung]",
		"example":"echo Mirai-Chan xin chào",
		"group":"CONTROL"
	},
	{
		"name":"covid-19",
		"decs":"Cập nhật tình hình covid-19 thế giới và Việt Nam nhanh nhất",
		"usage":"covid-19",
		"example":"covid-19",
		"group":"SITUATION"
	},
	{
		"name":"weather",
		"decs":"Kiểm tra thời tiết hiện tại ở khu vực thành phố bạn nhập",
		"usage":"weather [thành phố]",
		"example":"weather Thành Phố Hồ Chí Minh",
		"group":"SITUATION"
	},
	{
		"name":"waifu",
		"decs":"Thử vận may với Mirai-Chan",
		"usage":"waifu",
		"example":"waifu",
		"group":"RANDOM"
	},
	{
		"name":"roll",
		"decs":"Lấy con số may mắn của bạn, please đừng đi đánh đề :<",
		"usage":"roll [min] [max]",
		"example":"roll 0 100",
		"group":"RANDOM"
	},
	{
		"name":"rank",
		"decs":"Lấy rank hiện tại của bạn trên hệ thống bot",
		"usage":"rank [tag người cần lấy] hoặc rank [id] hoặc rank",
		"example":"rank @Kaizoku",
		"group":"CỦA CẢI"
	},
	{
		"name":"anime",
		"decs":"Lấy ảnh anime SFW",
		"usage":"anime [tag]",
		"example":"anime neko",
		"group":"GÓC ANIME"
	},
	{
		"name":"hentai",
		"decs":"Lấy ảnh hentai NSFW",
		"usage":"hentai [tag]",
		"example":"hentai yuri",
		"group":"GÓC HENTAI"
	},
	{
		"name":"randomcolor",
		"decs":"Đổi màu sắc cuộc trò chuyện thành màu ngẫu nhiên",
		"usage":"randomcolor",
		"example":"randomcolor",
		"group":"RANDOM"
	},
	{
		"name":"rainbow",
		"decs":"Đổi màu sắc cuộc trò chuyện liên tục theo con số đưa ra",
		"usage":"rainbow [số lần đổi]",
		"example":"rainbow 10",
		"group":"RANDOM"
	},
	{
		"name":"video",
		"decs":"Lấy video từ link youtube",
		"usage":"video [link hoặc từ khoá]",
		"example":"video https://www.youtube.com/?watch=xxxyyyzzz",
		"group":"MEDIA YOUTUBE"
	},
	{
		"name":"audio",
		"decs":"Lấy âm thanh từ link hoặc url youtube",
		"usage":"audio [link hoặc từ khoá]",
		"example":"audio https://www.youtube.com/?watch=xxxyyyzzz",
		"group":"MEDIA YOUTUBE"
	},
	{
		"name":"trans",
		"decs":"Dịch văn bản bạn nhập",
		"usage":"trans [văn bản] -> [vi, ru, ja], đây là toàn bộ ngôn ngữ hổ trợ: https://www.labnol.org/code/19899-google-translate-languages",
		"example":"trans hello world -> vi",
		"group":"GENERAL LIST"
	},
	{
		"name":"nhentai",
		"decs":"Lấy thông tin chuyện của bạn ( ͡° ͜ʖ ͡°)",
		"usage":"nhentai [id/để trống]",
		"example":"nhentai 177013",
		"group":"GÓC HENTAI"
	},
	{
		"name":"hentaivn",
		"decs":"Lấy thông tin chuyện của bạn ( ͡° ͜ʖ ͡°)",
		"usage":"hentaivn [id/để trống]",
		"example":"hentaivn 19945",
		"group":"GÓC HENTAI"
	},
	{
		"name":"porn",
		"decs":"Cái tên nói lên tất cả ( ͡° ͜ʖ ͡°)",
		"usage":"porn [boobs, cum, bj, feet, ass, sex, pussy, teen, bdsm, asian, pornstar, gay(?)]",
		"example":"porn boobs",
		"group":"GÓC HENTAI"
	},
	{
		"name":"math",
		"decs":"Bảo bot có thể làm toán",
		"usage":"math [phép toán]",
		"example":"math 1+1",
		"group":"STUDY"
	},
	{
		"name":"ga",
		"decs":"Tạo ra 1 giveaway ảo",
		"usage":"ga [phần thưởng]",
		"example":"ga trinh đít của Nghĩa (?)",
		"group":"CONTROL"
	},
	{
		"name":"uid",
		"decs":"Xem UserID của tài khoản được nhắc tới",
		"usage":"uid [để trống/nhắc tới một tài khoản]",
		"example":"uid @SpermLord",
		"group":"SYSTEM"
	},
	{
		"name":"sim",
		"decs":"Trò chuyện cùng simsimi",
		"usage":"sim [nội dung]",
		"example":"sim hello",
		"group":"CONTROL"
	},
	{
		"name":"mit",
		"decs":"Trò chuyện cùng mitsuku",
		"usage":"mit [nội dung tiếng anh]",
		"example":"mit hello there",
		"group":"CONTROL"
	},
	{
		"name":"yêu cầu",
		"decs":"Yêu cầu admin thêm thứ gì đó vào bot",
		"usage":"request [thêm, list] [Nội dung]",
		"example":"yêu cầu list",
		"group":"SYSTEM"
	},
	{
		"name":"gif",
		"decs":"Lấy ngẫu nhiên các gif giải trí",
		"usage":"gif [cat, dog, capoo, bomman, mixi]",
		"example":"gif mixi",
		"group":"RANDOM"
	},
	{
		"name":"meme",
		"decs":"Lấy meme hay trên diễn đàn reddit",
		"usage":"meme",
		"example":"meme",
		"group":"RANDOM"
	},
	{
		"name":"uptime",
		"decs":"Xem thời gian hoạt động của bot",
		"usage":"uptime",
		"example":"uptime",
		"group":"SYSTEM"
	},
	{
		"name":"gỡ",
		"decs":"Gỡ tin nhắn của bot",
		"usage":"phản hồi đoạn chat mà bot đã gửi và nhập gỡ",
		"example":"gỡ",
		"group":"GENERAL LIST"
	},
	{
		"name":"money",
		"decs":"Xem số tiền bạn đang có",
		"usage":"money",
		"example":"money",
		"group":"CỦA CẢI"
	},
	{
		"name":"top rank",
		"decs":"Xem BXH Player cao nhất trên hệ thống bot",
		"usage":"top rank",
		"example":"top rank",
		"group":"GLOBAL PLAYER"
	},
	{
		"name":"daily",
		"decs":"Nhận phần thưởng hằng ngày",
		"usage":"daily",
		"example":"daily",
		"group":"THĂM NGÀN"
	},
	{
		"name":"work",
		"decs":"Có làm thì mới có ăn",
		"usage":"work",
		"example":"work",
		"group":"THĂM NGÀN"
	},
	{
		"name":"roul",
		"decs":"Chơi cò quay (roulette)",
		"usage":"roul [blue, red, green, yellow, violet, black] [số tiền cần đặt]",
		"example":"roul red 500",
		"group":"KẸP NGẦN"
	},
	{
		"name":"coinflip",
		"decs":"Chơi trò tung đồng xu",
		"usage":"coinflip",
		"example":"coinflip",
		"group":"RANDOM"
	},
	{
		"name":"pay",
		"decs":"Chuyển một số tiền cho người mà bạn tag",
		"usage":"pay [tag người nhận] [số tiền muốn chuyển]",
		"example":"pay @Kaizoku 500",
		"group":"CỦA CẢI"
	},
	{
		"name":"sl",
		"decs":"Đánh bạc bằng hình thức hoa quả",
		"usage":"sl [số tiền bạn muốn cá cược]",
		"example":"sl 500",
		"group":"KẸP NGẦN"
	},
	{
		"name":"earth",
		"decs":"Xem hình ảnh trái đất gần đây nhất",
		"usage":"earth",
		"example":"earth",
		"group":"VŨ TRỤ"
	},
	{
		"name":"iss",
		"decs":"Xem toạ độ mà tàu vũ trụ đang lưu lạc",
		"usage":"iss",
		"example":"iss",
		"group":"VŨ TRỤ"
	},
	{
		"name":"neo",
		"decs":"đếm số lượng vật thể gần trái đất",
		"usage":"neo",
		"example":"neo",
		"group":"VŨ TRỤ"
	},
	{
		"name":"spacex",
		"decs":"Lấy thông tin đợt phóng mới nhất của SpaceX",
		"usage":"spacex",
		"example":"spacex",
		"group":"VŨ TRỤ"
	},
	{
		"name":"poll",
		"decs":"Tạo cuộc thăm dò ý kiến trong group",
		"usage":"poll [tên/chủ đề] -> [lựa chọn 1] | [lựa chọn 2] | [lựa chọn ...]",
		"example":"poll  Huấn là idol? -> Yes | No",
		"group":"GENERAL LIST"
	},
	{
		"name":"resend",
		"decs":"Bật tắt tự động gửi lại tin nhắn bị gỡ",
		"usage":"resend [on hoặc off]",
		"example":"resend off",
		"group":"SYSTEM"
	},
	{
		"name":"sleep",
		"decs":"Tính thời gian thức dậy hoàn hảo cho bạn",
		"usage":"sleep [thời gian/để trống]",
		"example":"sleep 22:00",
		"group":"KHÒ KHÒ"
	},
	{
		"name":"wake",
		"decs":"Tính thời gian đi ngủ hoàn hảo cho bạn",
		"usage":"wake [thời gian]",
		"example":"wake 06:00",
		"group":"KHÒ KHÒ"
	},
	{
		"name":"chemeb",
		"decs":"Cân bằng phương trình hoá học",
		"usage":"chemeb [Phương trình cần cân bằng]",
		"example":"chemeb C38H76N2O2 + NaNO2 = Na2O + CO2 + H2O + N2",
		"group":"STUDY"
	},
	{
		"name":"morse",
		"decs":"Mã hoá đoạn văn bản của bạn trở thành mã morse",
		"usage":"morse [encode hoặc decode] [đoạn text ASCII cần mã hoá]",
		"example":"morse encode hello cac ban",
		"group":"MÃ HOÁ"
	},
	{
		"name":"mynsfw",
		"decs":"Xem hạng NSFW của bạn",
		"usage":"mynsfw",
		"example":"mynsfw",
		"group":"NSFW"
	},
	{
		"name":"buynsfw",
		"decs":"Mua hạng NSFW theo từng bậc 1-2-3-4-5",
		"usage":"buynsfw",
		"example":"buynsfw",
		"group":"NSFW"
	},
	{
		"name":"setnsfw",
		"decs":"Set hạng NSFW của 1 người",
		"usage":"setnsfw [me/@tag] [hạng từ -1 (God Mode) -> 5]",
		"example":"setnsfw @SpermLord -1",
		"group":"NSFW"
	},
	{
		"name":"caesar",
		"decs":"Mã hóa đoạn văn bản của bạn trở thành Mật Mã Caesar",
		"usage":"caesar [encode/decode] [đoạn text cần mã hóa]",
		"example":"caesar encode SpermLord",
		"group":"MÃ HOÁ"
	},
	{
		"name":"vigenere",
		"decs":"Mã hóa đoạn văn bản của bạn trở thành Mật Mã Vigenere",
		"usage":"vigenere [encode/decode] [đoạn text cần mã hóa]",
		"example":"vigenere encode SpermLord",
		"group":"MÃ HOÁ"
	},
	{
		"name":"rot47",
		"decs":"Mã hóa đoạn văn bản của bạn trở thành Mật Mã ROT47",
		"usage":"rot47 [encode/decode] [đoạn text cần mã hóa]",
		"example":"rot47 encode SpermLord",
		"group":"MÃ HOÁ"
	},
	{
		"name":"short",
		"decs":"Tạo một phím tắt cho những thứ bạn nhập vào.",
		"usage":"short [không điền/del/all] [input] => [output]",
		"example":"short author => SpermLord & Catalizcs",
		"group":"GENERAL LIST"
	},
	{
		"name":"sauce",
		"decs":"Tìm nguồn bức ảnh anime giúp bạn.",
		"usage":"sauce và reply ảnh cần tìm",
		"example":"sauce",
		"group":"GENERAL LIST"
	},
	{
		"name":"fishing",
		"decs":"Câu cá giải trí ngay chính nhóm của bạn :D.",
		"usage":"fishing[túi,sell]",
		"example":"fishing túi",
		"group":"HỒ CÂU"
	},
	{
		"name": "fishing túi",
		"decs": "Xem túi của bạn đã có những loại cá nào và số lượng mỗi loại",
		"usage": "fishing [túi, inv]",
		"example": "fishing túi",
		"group": "HỒ CÂU"
	},
	{
		"name": "fishing bán",
		"decs": "bán cá và rác sau khi bạn câu được!",
		"usage": "fishing bán [theo số thứ tự trong fishing list hoặc all]",
		"example": "fishing bán all",
		"group": "HỒ CÂU"
	},
	{
		"name": "fishing list",
		"decs": "xem giá thành cũng như số thứ tự của từng loại cá!",
		"usage": "fishing list",
		"example": "fishing list",
		"group": "HỒ CÂU"
	},
	{
		"name": "meow",
		"decs": "lệnh random những con mèo :D!",
		"usage": "meow",
		"example": "meow",
		"group": "RANDOM"
	},
	{
		"name": "afk",
		"decs": "bật mode afk để người bạn của bạn biết rằng bạn đang bận!",
		"usage": "afk [lời nhắn]",
		"example": "afk đi ngủ",
		"group": "SYSTEM"
	},
	{
		"name": "steal",
		"decs": "trộm tiền của một trong số người trong group!",
		"usage": "steal",
		"example": "steal",
		"group": "CỦA CẢI"
	},
	{
		"name": "rname",
		"decs": "thay đổi biệt danh của bạn theo tên ngẫu nhiên!",
		"usage": "rname",
		"example": "rname",
		"group": "GENERAL LIST"
	}
]