{"cmds":["lenny","hug","chọc","xoa","kiss","slap","mlem","sauce","idk","report","waifu","roll","math","weather","say","rank","covid-19","choose","echo","ping","sim","help","local","nhentai","hentaivn","anime","wiki","time","audio","video","trans","randomcolor","rainbow","giveaway","uid","gỡ","uptime","meme","gif","request","money","daily","work","roul","sl","pay","coinflip","anime","info","porn","iss","neo","earth","poll","resend","spacex","wake","sleep","chemeb","morse","mynsfw","buynsfw","caesar","vigenere","rot47","fishing","short","prefix","credits","mit","ga","hentai","meow","afk","steal"],"banned":[{"id":3386211748077995,"cmds":[]},{"id":1631378190231983,"cmds":[]},{"id":3112841498763141,"cmds":[]},{"id":2953867101361343,"cmds":[]},{"id":2911431832318565,"cmds":[]},{"id":2969553666475729,"cmds":[]},{"id":3553720161326244,"cmds":[]},{"id":3129867983728334,"cmds":[]},{"id":3299500166745415,"cmds":[]},{"id":3504637692892076,"cmds":[]},{"id":3261154190647797,"cmds":[]},{"id":3193836783997152,"cmds":[]},{"id":100039951342893,"cmds":[]},{"id":2240989092590459,"cmds":[]},{"id":100054850060517,"cmds":[]},{"id":4045234535492992,"cmds":[]},{"id":100055194874165,"cmds":[]},{"id":100053134396294,"cmds":[]},{"id":3163259057136706,"cmds":[]},{"id":2792870554139419,"cmds":[]},{"id":100054301898207,"cmds":[]},{"id":100026984832406,"cmds":[]},{"id":3345899855494297,"cmds":[]},{"id":3245793222134197,"cmds":[]},{"id":2155473991229551,"cmds":[]},{"id":3196378237124279,"cmds":[]},{"id":3412786428755199,"cmds":[]},{"id":2916240055124468,"cmds":[]},{"id":4039554346085698,"cmds":[]},{"id":3711910428819341,"cmds":[]},{"id":3534414693276515,"cmds":[]},{"id":100034435602369,"cmds":[]},{"id":100028970051626,"cmds":[]},{"id":100054249337343,"cmds":[]}]}